time,x,y,z,vx,vy,vz
0.010000,0.299717,0.398562,0.000000,29.971680,39.856246,0.000000
0.020000,0.599151,0.795689,0.000000,29.943404,39.712672,0.000000
0.030000,0.898303,1.191382,0.000000,29.915172,39.569277,0.000000
0.040000,1.197172,1.585643,0.000000,29.886983,39.426061,0.000000
0.050000,1.495761,1.978473,0.000000,29.858838,39.283024,0.000000
0.060000,1.794068,2.369874,0.000000,29.830736,39.140165,0.000000
0.070000,2.092095,2.759849,0.000000,29.802677,38.997483,0.000000
0.080000,2.389842,3.148399,0.000000,29.774662,38.854979,0.000000
0.090000,2.687308,3.535526,0.000000,29.746690,38.712652,0.000000
0.100000,2.984496,3.921231,0.000000,29.718760,38.570502,0.000000
0.110000,3.281405,4.305516,0.000000,29.690874,38.428529,0.000000
0.120000,3.578035,4.688383,0.000000,29.663030,38.286732,0.000000
0.130000,3.874387,5.069834,0.000000,29.635230,38.145110,0.000000
0.140000,4.170462,5.449871,0.000000,29.607472,38.003664,0.000000
0.150000,4.466260,5.828495,0.000000,29.579756,37.862393,0.000000
0.160000,4.761780,6.205708,0.000000,29.552083,37.721297,0.000000
0.170000,5.057025,6.581512,0.000000,29.524453,37.580376,0.000000
0.180000,5.351994,6.955908,0.000000,29.496864,37.439628,0.000000
0.190000,5.646687,7.328898,0.000000,29.469318,37.299055,0.000000
0.200000,5.941105,7.700485,0.000000,29.441814,37.158655,0.000000
0.210000,6.235248,8.070669,0.000000,29.414352,37.018428,0.000000
0.220000,6.529118,8.439453,0.000000,29.386932,36.878374,0.000000
0.230000,6.822713,8.806838,0.000000,29.359554,36.738493,0.000000
0.240000,7.116036,9.172826,0.000000,29.332218,36.598783,0.000000
0.250000,7.409085,9.537418,0.000000,29.304923,36.459246,0.000000
0.260000,7.701861,9.900617,0.000000,29.277670,36.319880,0.000000
0.270000,7.994366,10.262424,0.000000,29.250458,36.180686,0.000000
0.280000,8.286599,10.622841,0.000000,29.223288,36.041662,0.000000
0.290000,8.578561,10.981869,0.000000,29.196159,35.902809,0.000000
0.300000,8.870251,11.339510,0.000000,29.169071,35.764126,0.000000
0.310000,9.161671,11.695766,0.000000,29.142025,35.625614,0.000000
0.320000,9.452822,12.050639,0.000000,29.115019,35.487270,0.000000
0.330000,9.743702,12.404130,0.000000,29.088055,35.349097,0.000000
0.340000,10.034314,12.756241,0.000000,29.061131,35.211092,0.000000
0.350000,10.324656,13.106973,0.000000,29.034249,35.073256,0.000000
0.360000,10.614730,13.456329,0.000000,29.007407,34.935588,0.000000
0.370000,10.904536,13.804310,0.000000,28.980605,34.798088,0.000000
0.380000,11.194075,14.150917,0.000000,28.953844,34.660756,0.000000
0.390000,11.483346,14.496153,0.000000,28.927124,34.523592,0.000000
0.400000,11.772350,14.840019,0.000000,28.900444,34.386594,0.000000
0.410000,12.061088,15.182517,0.000000,28.873804,34.249764,0.000000
0.420000,12.349560,15.523648,0.000000,28.847204,34.113100,0.000000
0.430000,12.637767,15.863414,0.000000,28.820645,33.976602,0.000000
0.440000,12.925708,16.201817,0.000000,28.794125,33.840270,0.000000
0.450000,13.213384,16.538858,0.000000,28.767646,33.704104,0.000000
0.460000,13.500797,16.874539,0.000000,28.741206,33.568103,0.000000
0.470000,13.787945,17.208861,0.000000,28.714806,33.432266,0.000000
0.480000,14.074829,17.541827,0.000000,28.688446,33.296595,0.000000
0.490000,14.361450,17.873438,0.000000,28.662125,33.161088,0.000000
0.500000,14.647809,18.203696,0.000000,28.635844,33.025745,0.000000
0.510000,14.933905,18.532601,0.000000,28.609603,32.890566,0.000000
0.520000,15.219739,18.860157,0.000000,28.583400,32.755550,0.000000
0.530000,15.505311,19.186364,0.000000,28.557237,32.620697,0.000000
0.540000,15.790622,19.511224,0.000000,28.531114,32.486007,0.000000
0.550000,16.075673,19.834739,0.000000,28.505029,32.351480,0.000000
0.560000,16.360462,20.156910,0.000000,28.478983,32.217115,0.000000
0.570000,16.644992,20.477739,0.000000,28.452976,32.082912,0.000000
0.580000,16.929262,20.797228,0.000000,28.427009,31.948870,0.000000
0.590000,17.213273,21.115378,0.000000,28.401079,31.814990,0.000000
0.600000,17.497025,21.432190,0.000000,28.375189,31.681271,0.000000
0.610000,17.780518,21.747667,0.000000,28.349337,31.547713,0.000000
0.620000,18.063754,22.061811,0.000000,28.323524,31.414316,0.000000
0.630000,18.346731,22.374621,0.000000,28.297749,31.281078,0.000000
0.640000,18.629451,22.686101,0.000000,28.272012,31.148000,0.000000
0.650000,18.911914,22.996252,0.000000,28.246314,31.015082,0.000000
0.660000,19.194121,23.305075,0.000000,28.220654,30.882324,0.000000
0.670000,19.476071,23.612573,0.000000,28.195032,30.749724,0.000000
0.680000,19.757766,23.918745,0.000000,28.169449,30.617283,0.000000
0.690000,20.039205,24.223595,0.000000,28.143903,30.485000,0.000000
0.700000,20.320389,24.527124,0.000000,28.118395,30.352876,0.000000
0.710000,20.601318,24.829333,0.000000,28.092924,30.220910,0.000000
0.720000,20.881993,25.130224,0.000000,28.067492,30.089101,0.000000
0.730000,21.162414,25.429799,0.000000,28.042097,29.957449,0.000000
0.740000,21.442581,25.728058,0.000000,28.016740,29.825955,0.000000
0.750000,21.722495,26.025005,0.000000,27.991420,29.694617,0.000000
0.760000,22.002157,26.320639,0.000000,27.966137,29.563435,0.000000
0.770000,22.281566,26.614963,0.000000,27.940892,29.432410,0.000000
0.780000,22.560723,26.907978,0.000000,27.915684,29.301541,0.000000
0.790000,22.839628,27.199687,0.000000,27.890514,29.170827,0.000000
0.800000,23.118281,27.490089,0.000000,27.865380,29.040268,0.000000
0.810000,23.396684,27.779188,0.000000,27.840283,28.909865,0.000000
0.820000,23.674837,28.066984,0.000000,27.815224,28.779616,0.000000
0.830000,23.952739,28.353479,0.000000,27.790201,28.649522,0.000000
0.840000,24.230391,28.638675,0.000000,27.765214,28.519582,0.000000
0.850000,24.507793,28.922573,0.000000,27.740265,28.389796,0.000000
0.860000,24.784947,29.205175,0.000000,27.715352,28.260164,0.000000
0.870000,25.061852,29.486482,0.000000,27.690476,28.130684,0.000000
0.880000,25.338508,29.766495,0.000000,27.665636,28.001359,0.000000
0.890000,25.614916,30.045217,0.000000,27.640833,27.872185,0.000000
0.900000,25.891077,30.322649,0.000000,27.616065,27.743165,0.000000
0.910000,26.166990,30.598792,0.000000,27.591334,27.614297,0.000000
0.920000,26.442657,30.873648,0.000000,27.566640,27.485580,0.000000
0.930000,26.718076,31.147218,0.000000,27.541981,27.357016,0.000000
0.940000,26.993250,31.419504,0.000000,27.517358,27.228603,0.000000
0.950000,27.268178,31.690507,0.000000,27.492771,27.100341,0.000000
0.960000,27.542860,31.960229,0.000000,27.468220,26.972230,0.000000
0.970000,27.817297,32.228672,0.000000,27.443705,26.844270,0.000000
0.980000,28.091489,32.495837,0.000000,27.419225,26.716460,0.000000
0.990000,28.365437,32.761725,0.000000,27.394781,26.588800,0.000000
1.000000,28.639141,33.026338,0.000000,27.370373,26.461290,0.000000
1.010000,28.912601,33.289677,0.000000,27.346000,26.333930,0.000000
1.020000,29.185817,33.551744,0.000000,27.321662,26.206719,0.000000
1.030000,29.458791,33.812541,0.000000,27.297360,26.079657,0.000000
1.040000,29.731522,34.072068,0.000000,27.273093,25.952744,0.000000
1.050000,30.004011,34.330328,0.000000,27.248861,25.825979,0.000000
1.060000,30.276257,34.587322,0.000000,27.224664,25.699363,0.000000
1.070000,30.548262,34.843050,0.000000,27.200502,25.572895,0.000000
1.080000,30.820026,35.097516,0.000000,27.176375,25.446574,0.000000
1.090000,31.091549,35.350720,0.000000,27.152283,25.320401,0.000000
1.100000,31.362831,35.602664,0.000000,27.128225,25.194375,0.000000
1.110000,31.633873,35.853349,0.000000,27.104203,25.068497,0.000000
1.120000,31.904675,36.102777,0.000000,27.080215,24.942765,0.000000
1.130000,32.175238,36.350948,0.000000,27.056261,24.817179,0.000000
1.140000,32.445561,36.597866,0.000000,27.032342,24.691739,0.000000
1.150000,32.715646,36.843530,0.000000,27.008458,24.566446,0.000000
1.160000,32.985492,37.087943,0.000000,26.984607,24.441298,0.000000
1.170000,33.255100,37.331106,0.000000,26.960791,24.316296,0.000000
1.180000,33.524470,37.573021,0.000000,26.937010,24.191439,0.000000
1.190000,33.793603,37.813688,0.000000,26.913262,24.066727,0.000000
1.200000,34.062498,38.053109,0.000000,26.889548,23.942159,0.000000
1.210000,34.331157,38.291287,0.000000,26.865868,23.817736,0.000000
1.220000,34.599579,38.528221,0.000000,26.842222,23.693457,0.000000
1.230000,34.867765,38.763915,0.000000,26.818610,23.569322,0.000000
1.240000,35.135715,38.998368,0.000000,26.795032,23.445331,0.000000
1.250000,35.403430,39.231583,0.000000,26.771487,23.321483,0.000000
1.260000,35.670910,39.463560,0.000000,26.747976,23.197778,0.000000
1.270000,35.938155,39.694303,0.000000,26.724499,23.074217,0.000000
1.280000,36.205166,39.923811,0.000000,26.701055,22.950797,0.000000
1.290000,36.471942,40.152086,0.000000,26.677644,22.827521,0.000000
1.300000,36.738485,40.379130,0.000000,26.654267,22.704386,0.000000
1.310000,37.004794,40.604944,0.000000,26.630922,22.581394,0.000000
1.320000,37.270870,40.829529,0.000000,26.607611,22.458543,0.000000
1.330000,37.536713,41.052887,0.000000,26.584333,22.335834,0.000000
1.340000,37.802324,41.275020,0.000000,26.561088,22.213266,0.000000
1.350000,38.067703,41.495928,0.000000,26.537876,22.090839,0.000000
1.360000,38.332850,41.715614,0.000000,26.514697,21.968552,0.000000
1.370000,38.597765,41.934078,0.000000,26.491551,21.846406,0.000000
1.380000,38.862450,42.151322,0.000000,26.468437,21.724401,0.000000
1.390000,39.126903,42.367347,0.000000,26.445356,21.602535,0.000000
1.400000,39.391126,42.582155,0.000000,26.422308,21.480809,0.000000
1.410000,39.655119,42.795748,0.000000,26.399292,21.359223,0.000000
1.420000,39.918882,43.008125,0.000000,26.376309,21.237776,0.000000
1.430000,40.182416,43.219290,0.000000,26.353358,21.116468,0.000000
1.440000,40.445720,43.429243,0.000000,26.330439,20.995299,0.000000
1.450000,40.708796,43.637986,0.000000,26.307553,20.874268,0.000000
1.460000,40.971643,43.845520,0.000000,26.284698,20.753376,0.000000
1.470000,41.234262,44.051846,0.000000,26.261876,20.632622,0.000000
1.480000,41.496653,44.256966,0.000000,26.239086,20.512006,0.000000
1.490000,41.758816,44.460881,0.000000,26.216327,20.391527,0.000000
1.500000,42.020752,44.663593,0.000000,26.193601,20.271186,0.000000
1.510000,42.282461,44.865103,0.000000,26.170906,20.150982,0.000000
1.520000,42.543943,45.065412,0.000000,26.148243,20.030915,0.000000
1.530000,42.805199,45.264522,0.000000,26.125612,19.910985,0.000000
1.540000,43.066230,45.462434,0.000000,26.103013,19.791191,0.000000
1.550000,43.327034,45.659149,0.000000,26.080445,19.671533,0.000000
1.560000,43.587613,45.854669,0.000000,26.057908,19.552012,0.000000
1.570000,43.847967,46.048995,0.000000,26.035403,19.432626,0.000000
1.580000,44.108096,46.242129,0.000000,26.012929,19.313376,0.000000
1.590000,44.368001,46.434072,0.000000,25.990486,19.194261,0.000000
1.600000,44.627682,46.624825,0.000000,25.968075,19.075281,0.000000
1.610000,44.887139,46.814389,0.000000,25.945694,18.956437,0.000000
1.620000,45.146372,47.002766,0.000000,25.923345,18.837726,0.000000
1.630000,45.405383,47.189958,0.000000,25.901026,18.719151,0.000000
1.640000,45.664170,47.375965,0.000000,25.878739,18.600709,0.000000
1.650000,45.922735,47.560789,0.000000,25.856482,18.482402,0.000000
1.660000,46.181077,47.744431,0.000000,25.834257,18.364228,0.000000
1.670000,46.439198,47.926893,0.000000,25.812061,18.246188,0.000000
1.680000,46.697097,48.108176,0.000000,25.789897,18.128281,0.000000
1.690000,46.954775,48.288281,0.000000,25.767763,18.010508,0.000000
1.700000,47.212231,48.467210,0.000000,25.745659,17.892867,0.000000
1.710000,47.469467,48.644963,0.000000,25.723586,17.775359,0.000000
1.720000,47.726483,48.821543,0.000000,25.701544,17.657983,0.000000
1.730000,47.983278,48.996950,0.000000,25.679531,17.540740,0.000000
1.740000,48.239853,49.171187,0.000000,25.657549,17.423628,0.000000
1.750000,48.496209,49.344253,0.000000,25.635597,17.306649,0.000000
1.760000,48.752346,49.516151,0.000000,25.613675,17.189801,0.000000
1.770000,49.008264,49.686882,0.000000,25.591783,17.073084,0.000000
1.780000,49.263963,49.856447,0.000000,25.569921,16.956499,0.000000
1.790000,49.519444,50.024847,0.000000,25.548089,16.840044,0.000000
1.800000,49.774707,50.192085,0.000000,25.526287,16.723720,0.000000
1.810000,50.029752,50.358160,0.000000,25.504514,16.607527,0.000000
1.820000,50.284580,50.523075,0.000000,25.482771,16.491464,0.000000
1.830000,50.539190,50.686830,0.000000,25.461058,16.375531,0.000000
1.840000,50.793584,50.849427,0.000000,25.439374,16.259728,0.000000
1.850000,51.047761,51.010868,0.000000,25.417720,16.144054,0.000000
1.860000,51.301722,51.171153,0.000000,25.396095,16.028510,0.000000
1.870000,51.555467,51.330284,0.000000,25.374500,15.913096,0.000000
1.880000,51.808997,51.488262,0.000000,25.352934,15.797810,0.000000
1.890000,52.062311,51.645088,0.000000,25.331397,15.682653,0.000000
1.900000,52.315409,51.800765,0.000000,25.309889,15.567625,0.000000
1.910000,52.568294,51.955292,0.000000,25.288410,15.452725,0.000000
1.920000,52.820963,52.108671,0.000000,25.266961,15.337953,0.000000
1.930000,53.073419,52.260904,0.000000,25.245540,15.223310,0.000000
1.940000,53.325660,52.411992,0.000000,25.224148,15.108794,0.000000
1.950000,53.577688,52.561936,0.000000,25.202785,14.994406,0.000000
1.960000,53.829502,52.710738,0.000000,25.181451,14.880145,0.000000
1.970000,54.081104,52.858398,0.000000,25.160145,14.766011,0.000000
1.980000,54.332493,53.004918,0.000000,25.138868,14.652004,0.000000
1.990000,54.583669,53.150299,0.000000,25.117619,14.538124,0.000000
2.000000,54.834633,53.294543,0.000000,25.096399,14.424371,0.000000
2.010000,55.085385,53.437650,0.000000,25.075208,14.310744,0.000000
2.020000,55.335925,53.579623,0.000000,25.054045,14.197243,0.000000
2.030000,55.586254,53.720462,0.000000,25.032910,14.083868,0.000000
2.040000,55.836372,53.860168,0.000000,25.011803,13.970619,0.000000
2.050000,56.086280,53.998743,0.000000,24.990724,13.857495,0.000000
2.060000,56.335976,54.136188,0.000000,24.969674,13.744497,0.000000
2.070000,56.585463,54.272504,0.000000,24.948651,13.631624,0.000000
2.080000,56.834739,54.407693,0.000000,24.927657,13.518876,0.000000
2.090000,57.083806,54.541755,0.000000,24.906690,13.406253,0.000000
2.100000,57.332664,54.674693,0.000000,24.885752,13.293754,0.000000
2.110000,57.581312,54.806507,0.000000,24.864841,13.181380,0.000000
2.120000,57.829752,54.937198,0.000000,24.843957,13.069130,0.000000
2.130000,58.077983,55.066768,0.000000,24.823102,12.957003,0.000000
2.140000,58.326006,55.195218,0.000000,24.802274,12.845001,0.000000
2.150000,58.573820,55.322549,0.000000,24.781473,12.733122,0.000000
2.160000,58.821427,55.448763,0.000000,24.760700,12.621367,0.000000
2.170000,59.068827,55.573860,0.000000,24.739954,12.509735,0.000000
2.180000,59.316019,55.697842,0.000000,24.719236,12.398226,0.000000
2.190000,59.563005,55.820711,0.000000,24.698545,12.286840,0.000000
2.200000,59.809783,55.942467,0.000000,24.677881,12.175576,0.000000
2.210000,60.056356,56.063111,0.000000,24.657244,12.064435,0.000000
2.220000,60.302722,56.182645,0.000000,24.636634,11.953417,0.000000
2.230000,60.548883,56.301070,0.000000,24.616051,11.842520,0.000000
2.240000,60.794838,56.418388,0.000000,24.595496,11.731745,0.000000
2.250000,61.040587,56.534599,0.000000,24.574967,11.621092,0.000000
2.260000,61.286132,56.649704,0.000000,24.554464,11.510561,0.000000
2.270000,61.531472,56.763706,0.000000,24.533989,11.400151,0.000000
2.280000,61.776607,56.876604,0.000000,24.513540,11.289862,0.000000
2.290000,62.021539,56.988401,0.000000,24.493118,11.179694,0.000000
2.300000,62.266266,57.099098,0.000000,24.472722,11.069646,0.000000
2.310000,62.510789,57.208695,0.000000,24.452353,10.959720,0.000000
2.320000,62.755109,57.317194,0.000000,24.432011,10.849913,0.000000
2.330000,62.999226,57.424596,0.000000,24.411694,10.740228,0.000000
2.340000,63.243140,57.530903,0.000000,24.391404,10.630662,0.000000
2.350000,63.486852,57.636115,0.000000,24.371140,10.521216,0.000000
2.360000,63.730361,57.740234,0.000000,24.350903,10.411889,0.000000
2.370000,63.973668,57.843261,0.000000,24.330691,10.302683,0.000000
2.380000,64.216773,57.945197,0.000000,24.310506,10.193595,0.000000
2.390000,64.459676,58.046043,0.000000,24.290346,10.084627,0.000000
2.400000,64.702378,58.145801,0.000000,24.270213,9.975778,0.000000
2.410000,64.944879,58.244471,0.000000,24.250105,9.867047,0.000000
2.420000,65.187180,58.342056,0.000000,24.230023,9.758435,0.000000
2.430000,65.429279,58.438555,0.000000,24.209967,9.649942,0.000000
2.440000,65.671179,58.533971,0.000000,24.189936,9.541567,0.000000
2.450000,65.912878,58.628304,0.000000,24.169931,9.433310,0.000000
2.460000,66.154377,58.721556,0.000000,24.149952,9.325171,0.000000
2.470000,66.395677,58.813727,0.000000,24.129998,9.217149,0.000000
2.480000,66.636778,58.904820,0.000000,24.110069,9.109245,0.000000
2.490000,66.877680,58.994834,0.000000,24.090166,9.001459,0.000000
2.500000,67.118383,59.083772,0.000000,24.070288,8.893790,0.000000
2.510000,67.358887,59.171634,0.000000,24.050436,8.786238,0.000000
2.520000,67.599193,59.258422,0.000000,24.030608,8.678803,0.000000
2.530000,67.839301,59.344137,0.000000,24.010806,8.571484,0.000000
2.540000,68.079211,59.428780,0.000000,23.991029,8.464283,0.000000
2.550000,68.318924,59.512352,0.000000,23.971276,8.357197,0.000000
2.560000,68.558440,59.594854,0.000000,23.951549,8.250228,0.000000
2.570000,68.797758,59.676288,0.000000,23.931847,8.143375,0.000000
2.580000,69.036880,59.756654,0.000000,23.912169,8.036637,0.000000
2.590000,69.275805,59.835955,0.000000,23.892516,7.930016,0.000000
2.600000,69.514534,59.914190,0.000000,23.872888,7.823510,0.000000
2.610000,69.753067,59.991361,0.000000,23.853284,7.717119,0.000000
2.620000,69.991404,60.067469,0.000000,23.833705,7.610844,0.000000
2.630000,70.229545,60.142516,0.000000,23.814150,7.504683,0.000000
2.640000,70.467492,60.216503,0.000000,23.794620,7.398638,0.000000
2.650000,70.705243,60.289430,0.000000,23.775114,7.292707,0.000000
2.660000,70.942799,60.361299,0.000000,23.755633,7.186891,0.000000
2.670000,71.180161,60.432110,0.000000,23.736176,7.081189,0.000000
2.680000,71.417328,60.501866,0.000000,23.716743,6.975602,0.000000
2.690000,71.654302,60.570568,0.000000,23.697334,6.870128,0.000000
2.700000,71.891081,60.638215,0.000000,23.677949,6.764769,0.000000
2.710000,72.127667,60.704811,0.000000,23.658588,6.659523,0.000000
2.720000,72.364059,60.770355,0.000000,23.639251,6.554391,0.000000
2.730000,72.600259,60.834848,0.000000,23.619938,6.449372,0.000000
2.740000,72.836265,60.898293,0.000000,23.600649,6.344467,0.000000
2.750000,73.072079,60.960690,0.000000,23.581384,6.239675,0.000000
2.760000,73.307701,61.022040,0.000000,23.562142,6.134995,0.000000
2.770000,73.543130,61.082344,0.000000,23.542924,6.030429,0.000000
2.780000,73.778367,61.141604,0.000000,23.523730,5.925975,0.000000
2.790000,74.013413,61.199820,0.000000,23.504559,5.821634,0.000000
2.800000,74.248267,61.256994,0.000000,23.485412,5.717405,0.000000
2.810000,74.482930,61.313127,0.000000,23.466288,5.613288,0.000000
2.820000,74.717402,61.368220,0.000000,23.447187,5.509283,0.000000
2.830000,74.951683,61.422274,0.000000,23.428110,5.405390,0.000000
2.840000,75.185773,61.475290,0.000000,23.409056,5.301609,0.000000
2.850000,75.419673,61.527269,0.000000,23.390025,5.197940,0.000000
2.860000,75.653384,61.578213,0.000000,23.371017,5.094382,0.000000
2.870000,75.886904,61.628122,0.000000,23.352032,4.990935,0.000000
2.880000,76.120235,61.676998,0.000000,23.333070,4.887600,0.000000
2.890000,76.353376,61.724842,0.000000,23.314132,4.784375,0.000000
2.900000,76.586328,61.771655,0.000000,23.295216,4.681261,0.000000
2.910000,76.819091,61.817437,0.000000,23.276323,4.578258,0.000000
2.920000,77.051666,61.862191,0.000000,23.257452,4.475366,0.000000
2.930000,77.284052,61.905917,0.000000,23.238605,4.372584,0.000000
2.940000,77.516250,61.948616,0.000000,23.219780,4.269912,0.000000
2.950000,77.748259,61.990289,0.000000,23.200978,4.167350,0.000000
2.960000,77.980081,62.030938,0.000000,23.182198,4.064898,0.000000
2.970000,78.211716,62.070564,0.000000,23.163441,3.962556,0.000000
2.980000,78.443163,62.109167,0.000000,23.144706,3.860324,0.000000
2.990000,78.674423,62.146749,0.000000,23.125993,3.758201,0.000000
3.000000,78.905496,62.183311,0.000000,23.107303,3.656188,0.000000
3.010000,79.136382,62.218854,0.000000,23.088635,3.554284,0.000000
3.020000,79.367082,62.253379,0.000000,23.069989,3.452489,0.000000
3.030000,79.597596,62.286887,0.000000,23.051365,3.350803,0.000000
3.040000,79.827923,62.319379,0.000000,23.032764,3.249226,0.000000
3.050000,80.058065,62.350857,0.000000,23.014184,3.147757,0.000000
3.060000,80.288022,62.381321,0.000000,22.995627,3.046397,0.000000
3.070000,80.517792,62.410772,0.000000,22.977091,2.945146,0.000000
3.080000,80.747378,62.439212,0.000000,22.958577,2.844003,0.000000
3.090000,80.976779,62.466642,0.000000,22.940085,2.742968,0.000000
3.100000,81.205995,62.493062,0.000000,22.921615,2.642040,0.000000
3.110000,81.435027,62.518474,0.000000,22.903166,2.541221,0.000000
3.120000,81.663874,62.542880,0.000000,22.884739,2.440510,0.000000
3.130000,81.892538,62.566279,0.000000,22.866334,2.339906,0.000000
3.140000,82.121017,62.588673,0.000000,22.847950,2.239409,0.000000
3.150000,82.349313,62.610063,0.000000,22.829588,2.139020,0.000000
3.160000,82.577425,62.630450,0.000000,22.811247,2.038738,0.000000
3.170000,82.805355,62.649836,0.000000,22.792927,1.938563,0.000000
3.180000,83.033101,62.668221,0.000000,22.774629,1.838495,0.000000
3.190000,83.260665,62.685606,0.000000,22.756351,1.738534,0.000000
3.200000,83.488045,62.701993,0.000000,22.738095,1.638679,0.000000
3.210000,83.715244,62.717382,0.000000,22.719861,1.538931,0.000000
3.220000,83.942261,62.731775,0.000000,22.701647,1.439290,0.000000
3.230000,84.169095,62.745173,0.000000,22.683454,1.339754,0.000000
3.240000,84.395748,62.757576,0.000000,22.665282,1.240325,0.000000
3.250000,84.622219,62.768986,0.000000,22.647131,1.141002,0.000000
3.260000,84.848509,62.779404,0.000000,22.629001,1.041785,0.000000
3.270000,85.074618,62.788831,0.000000,22.610892,0.942673,0.000000
3.280000,85.300546,62.797267,0.000000,22.592804,0.843667,0.000000
3.290000,85.526294,62.804715,0.000000,22.574736,0.744767,0.000000
3.300000,85.751860,62.811175,0.000000,22.556689,0.645972,0.000000
3.310000,85.977247,62.816648,0.000000,22.538662,0.547282,0.000000
3.320000,86.202454,62.821134,0.000000,22.520656,0.448697,0.000000
3.330000,86.427480,62.824637,0.000000,22.502671,0.350218,0.000000
3.340000,86.652327,62.827155,0.000000,22.484706,0.251843,0.000000
3.350000,86.876995,62.828691,0.000000,22.466761,0.153573,0.000000
3.360000,87.101483,62.829245,0.000000,22.448837,0.055408,0.000000
3.370000,87.325793,62.828818,0.000000,22.430932,-0.042653,0.000000
3.380000,87.549923,62.827412,0.000000,22.413049,-0.140610,0.000000
3.390000,87.773875,62.825028,0.000000,22.395185,-0.238462,0.000000
3.400000,87.997648,62.821666,0.000000,22.377341,-0.336210,0.000000
3.410000,88.221244,62.817327,0.000000,22.359518,-0.433854,0.000000
3.420000,88.444661,62.812013,0.000000,22.341714,-0.531394,0.000000
3.430000,88.667900,62.805725,0.000000,22.323930,-0.628831,0.000000
3.440000,88.890962,62.798463,0.000000,22.306167,-0.726163,0.000000
3.450000,89.113846,62.790229,0.000000,22.288423,-0.823393,0.000000
3.460000,89.336553,62.781024,0.000000,22.270699,-0.920518,0.000000
3.470000,89.559083,62.770849,0.000000,22.252994,-1.017541,0.000000
3.480000,89.781436,62.759704,0.000000,22.235310,-1.114460,0.000000
3.490000,90.003612,62.747591,0.000000,22.217645,-1.211276,0.000000
3.500000,90.225612,62.734511,0.000000,22.200000,-1.307989,0.000000
3.510000,90.447436,62.720465,0.000000,22.182374,-1.404599,0.000000
3.520000,90.669084,62.705454,0.000000,22.164767,-1.501107,0.000000
3.530000,90.890556,62.689479,0.000000,22.147181,-1.597512,0.000000
3.540000,91.111852,62.672541,0.000000,22.129613,-1.693814,0.000000
3.550000,91.332972,62.654641,0.000000,22.112065,-1.790014,0.000000
3.560000,91.553918,62.635780,0.000000,22.094536,-1.886112,0.000000
3.570000,91.774688,62.615959,0.000000,22.077027,-1.982107,0.000000
3.580000,91.995283,62.595179,0.000000,22.059536,-2.078001,0.000000
3.590000,92.215704,62.573441,0.000000,22.042065,-2.173792,0.000000
3.600000,92.435950,62.550746,0.000000,22.024613,-2.269482,0.000000
3.610000,92.656022,62.527095,0.000000,22.007180,-2.365070,0.000000
3.620000,92.875920,62.502490,0.000000,21.989766,-2.460556,0.000000
3.630000,93.095643,62.476930,0.000000,21.972371,-2.555941,0.000000
3.640000,93.315193,62.450418,0.000000,21.954995,-2.651224,0.000000
3.650000,93.534570,62.422954,0.000000,21.937637,-2.746406,0.000000
3.660000,93.753773,62.394539,0.000000,21.920299,-2.841487,0.000000
3.670000,93.972802,62.365174,0.000000,21.902979,-2.936467,0.000000
3.680000,94.191659,62.334861,0.000000,21.885678,-3.031346,0.000000
3.690000,94.410343,62.303600,0.000000,21.868396,-3.126124,0.000000
3.700000,94.628855,62.271392,0.000000,21.851132,-3.220801,0.000000
3.710000,94.847193,62.238238,0.000000,21.833887,-3.315377,0.000000
3.720000,95.065360,62.204139,0.000000,21.816660,-3.409853,0.000000
3.730000,95.283355,62.169097,0.000000,21.799452,-3.504229,0.000000
3.740000,95.501177,62.133112,0.000000,21.782263,-3.598504,0.000000
3.750000,95.718828,62.096185,0.000000,21.765091,-3.692679,0.000000
3.760000,95.936307,62.058318,0.000000,21.747939,-3.786754,0.000000
3.770000,96.153615,62.019511,0.000000,21.730804,-3.880728,0.000000
3.780000,96.370752,61.979764,0.000000,21.713688,-3.974603,0.000000
3.790000,96.587718,61.939081,0.000000,21.696589,-4.068378,0.000000
3.800000,96.804513,61.897460,0.000000,21.679509,-4.162053,0.000000
3.810000,97.021138,61.854904,0.000000,21.662448,-4.255629,0.000000
3.820000,97.237592,61.811413,0.000000,21.645404,-4.349105,0.000000
3.830000,97.453876,61.766988,0.000000,21.628378,-4.442482,0.000000
3.840000,97.669989,61.721630,0.000000,21.611370,-4.535759,0.000000
3.850000,97.885933,61.675341,0.000000,21.594381,-4.628937,0.000000
3.860000,98.101707,61.628121,0.000000,21.577409,-4.722016,0.000000
3.870000,98.317312,61.579971,0.000000,21.560455,-4.814996,0.000000
3.880000,98.532747,61.530892,0.000000,21.543518,-4.907877,0.000000
3.890000,98.748013,61.480886,0.000000,21.526600,-5.000659,0.000000
3.900000,98.963110,61.429952,0.000000,21.509699,-5.093343,0.000000
3.910000,99.178038,61.378093,0.000000,21.492816,-5.185927,0.000000
3.920000,99.392798,61.325309,0.000000,21.475951,-5.278414,0.000000
3.930000,99.607389,61.271601,0.000000,21.459103,-5.370801,0.000000
3.940000,99.821811,61.216970,0.000000,21.442272,-5.463091,0.000000
3.950000,100.036066,61.161417,0.000000,21.425460,-5.555282,0.000000
3.960000,100.250153,61.104943,0.000000,21.408664,-5.647375,0.000000
3.970000,100.464071,61.047550,0.000000,21.391887,-5.739370,0.000000
3.980000,100.677823,60.989237,0.000000,21.375126,-5.831267,0.000000
3.990000,100.891407,60.930006,0.000000,21.358383,-5.923066,0.000000
4.000000,101.104823,60.869859,0.000000,21.341657,-6.014767,0.000000
4.010000,101.318073,60.808795,0.000000,21.324949,-6.106371,0.000000
4.020000,101.531155,60.746816,0.000000,21.308257,-6.197877,0.000000
4.030000,101.744071,60.683923,0.000000,21.291583,-6.289285,0.000000
4.040000,101.956820,60.620117,0.000000,21.274926,-6.380596,0.000000
4.050000,102.169403,60.555399,0.000000,21.258286,-6.471810,0.000000
4.060000,102.381820,60.489770,0.000000,21.241663,-6.562927,0.000000
4.070000,102.594070,60.423230,0.000000,21.225058,-6.653946,0.000000
4.080000,102.806155,60.355782,0.000000,21.208469,-6.744868,0.000000
4.090000,103.018074,60.287425,0.000000,21.191897,-6.835694,0.000000
4.100000,103.229827,60.218161,0.000000,21.175342,-6.926422,0.000000
4.110000,103.441416,60.147990,0.000000,21.158804,-7.017054,0.000000
4.120000,103.652838,60.076914,0.000000,21.142283,-7.107589,0.000000
4.130000,103.864096,60.004934,0.000000,21.125778,-7.198027,0.000000
4.140000,104.075189,59.932050,0.000000,21.109290,-7.288369,0.000000
4.150000,104.286117,59.858264,0.000000,21.092819,-7.378614,0.000000
4.160000,104.496881,59.783576,0.000000,21.076365,-7.468763,0.000000
4.170000,104.707480,59.707988,0.000000,21.059927,-7.558816,0.000000
4.180000,104.917915,59.631501,0.000000,21.043506,-7.648773,0.000000
4.190000,105.128186,59.554114,0.000000,21.027102,-7.738634,0.000000
4.200000,105.338293,59.475830,0.000000,21.010714,-7.828398,0.000000
4.210000,105.548237,59.396650,0.000000,20.994342,-7.918067,0.000000
4.220000,105.758017,59.316573,0.000000,20.977987,-8.007640,0.000000
4.230000,105.967633,59.235602,0.000000,20.961648,-8.097117,0.000000
4.240000,106.177086,59.153737,0.000000,20.945326,-8.186499,0.000000
4.250000,106.386377,59.070979,0.000000,20.929020,-8.275784,0.000000
4.260000,106.595504,58.987329,0.000000,20.912731,-8.364975,0.000000
4.270000,106.804468,58.902789,0.000000,20.896457,-8.454070,0.000000
4.280000,107.013270,58.817358,0.000000,20.880200,-8.543070,0.000000
4.290000,107.221910,58.731038,0.000000,20.863959,-8.631974,0.000000
4.300000,107.430387,58.643830,0.000000,20.847734,-8.720784,0.000000
4.310000,107.638703,58.555735,0.000000,20.831526,-8.809498,0.000000
4.320000,107.846856,58.466754,0.000000,20.815333,-8.898117,0.000000
4.330000,108.054848,58.376888,0.000000,20.799157,-8.986642,0.000000
4.340000,108.262678,58.286137,0.000000,20.782996,-9.075072,0.000000
4.350000,108.470346,58.194503,0.000000,20.766852,-9.163407,0.000000
4.360000,108.677853,58.101987,0.000000,20.750723,-9.251647,0.000000
4.370000,108.885199,58.008589,0.000000,20.734611,-9.339793,0.000000
4.380000,109.092385,57.914310,0.000000,20.718514,-9.427844,0.000000
4.390000,109.299409,57.819152,0.000000,20.702433,-9.515801,0.000000
4.400000,109.506273,57.723116,0.000000,20.686368,-9.603663,0.000000
4.410000,109.712976,57.626201,0.000000,20.670319,-9.691432,0.000000
4.420000,109.919519,57.528410,0.000000,20.654286,-9.779106,0.000000
4.430000,110.125901,57.429743,0.000000,20.638268,-9.866686,0.000000
4.440000,110.332124,57.330202,0.000000,20.622266,-9.954172,0.000000
4.450000,110.538187,57.229786,0.000000,20.606280,-10.041564,0.000000
4.460000,110.744090,57.128497,0.000000,20.590309,-10.128863,0.000000
4.470000,110.949833,57.026337,0.000000,20.574354,-10.216067,0.000000
4.480000,111.155418,56.923305,0.000000,20.558415,-10.303178,0.000000
4.490000,111.360842,56.819403,0.000000,20.542491,-10.390196,0.000000
4.500000,111.566108,56.714632,0.000000,20.526582,-10.477119,0.000000
4.510000,111.771215,56.608992,0.000000,20.510689,-10.563950,0.000000
4.520000,111.976163,56.502485,0.000000,20.494811,-10.650687,0.000000
4.530000,112.180953,56.395112,0.000000,20.478949,-10.737331,0.000000
4.540000,112.385584,56.286873,0.000000,20.463102,-10.823881,0.000000
4.550000,112.590056,56.177770,0.000000,20.447271,-10.910339,0.000000
4.560000,112.794371,56.067803,0.000000,20.431455,-10.996703,0.000000
4.570000,112.998528,55.956973,0.000000,20.415654,-11.082974,0.000000
4.580000,113.202526,55.845282,0.000000,20.399869,-11.169153,0.000000
4.590000,113.406367,55.732729,0.000000,20.384098,-11.255239,0.000000
4.600000,113.610051,55.619317,0.000000,20.368343,-11.341232,0.000000
4.610000,113.813577,55.505046,0.000000,20.352603,-11.427132,0.000000
4.620000,114.016945,55.389916,0.000000,20.336878,-11.512940,0.000000
4.630000,114.220157,55.273930,0.000000,20.321169,-11.598655,0.000000
4.640000,114.423212,55.157087,0.000000,20.305474,-11.684278,0.000000
4.650000,114.626110,55.039389,0.000000,20.289795,-11.769808,0.000000
4.660000,114.828851,54.920836,0.000000,20.274130,-11.855246,0.000000
4.670000,115.031436,54.801430,0.000000,20.258481,-11.940592,0.000000
4.680000,115.233864,54.681172,0.000000,20.242846,-12.025846,0.000000
4.690000,115.436137,54.560062,0.000000,20.227227,-12.111008,0.000000
4.700000,115.638253,54.438101,0.000000,20.211622,-12.196077,0.000000
4.710000,115.840213,54.315291,0.000000,20.196032,-12.281055,0.000000
4.720000,116.042018,54.191631,0.000000,20.180457,-12.365941,0.000000
4.730000,116.243667,54.067124,0.000000,20.164897,-12.450735,0.000000
4.740000,116.445160,53.941769,0.000000,20.149352,-12.535438,0.000000
4.750000,116.646499,53.815569,0.000000,20.133821,-12.620049,0.000000
4.760000,116.847682,53.688523,0.000000,20.118306,-12.704568,0.000000
4.770000,117.048710,53.560633,0.000000,20.102805,-12.788996,0.000000
4.780000,117.249583,53.431900,0.000000,20.087319,-12.873333,0.000000
4.790000,117.450301,53.302324,0.000000,20.071847,-12.957578,0.000000
4.800000,117.650865,53.171907,0.000000,20.056390,-13.041732,0.000000
4.810000,117.851275,53.040649,0.000000,20.040948,-13.125795,0.000000
4.820000,118.051530,52.908551,0.000000,20.025520,-13.209767,0.000000
4.830000,118.251631,52.775615,0.000000,20.010107,-13.293648,0.000000
4.840000,118.451578,52.641840,0.000000,19.994708,-13.377438,0.000000
4.850000,118.651371,52.507229,0.000000,19.979324,-13.461136,0.000000
4.860000,118.851011,52.371782,0.000000,19.963955,-13.544745,0.000000
4.870000,119.050497,52.235499,0.000000,19.948600,-13.628262,0.000000
4.880000,119.249829,52.098382,0.000000,19.933259,-13.711689,0.000000
4.890000,119.449009,51.960432,0.000000,19.917933,-13.795025,0.000000
4.900000,119.648035,51.821649,0.000000,19.902621,-13.878271,0.000000
4.910000,119.846908,51.682035,0.000000,19.887324,-13.961426,0.000000
4.920000,120.045629,51.541590,0.000000,19.872041,-14.044491,0.000000
4.930000,120.244196,51.400315,0.000000,19.856772,-14.127465,0.000000
4.940000,120.442611,51.258212,0.000000,19.841518,-14.210350,0.000000
4.950000,120.640874,51.115280,0.000000,19.826277,-14.293144,0.000000
4.960000,120.838985,50.971522,0.000000,19.811052,-14.375848,0.000000
4.970000,121.036943,50.826937,0.000000,19.795840,-14.458462,0.000000
4.980000,121.234750,50.681527,0.000000,19.780643,-14.540986,0.000000
4.990000,121.432404,50.535293,0.000000,19.765459,-14.623420,0.000000
5.000000,121.629907,50.388235,0.000000,19.750290,-14.705765,0.000000
5.010000,121.827258,50.240355,0.000000,19.735135,-14.788020,0.000000
5.020000,122.024458,50.091653,0.000000,19.719995,-14.870185,0.000000
5.030000,122.221507,49.942131,0.000000,19.704868,-14.952260,0.000000
5.040000,122.418405,49.791788,0.000000,19.689755,-15.034246,0.000000
5.050000,122.615151,49.640627,0.000000,19.674657,-15.116143,0.000000
5.060000,122.811747,49.488647,0.000000,19.659572,-15.197950,0.000000
5.070000,123.008192,49.335851,0.000000,19.644502,-15.279668,0.000000
5.080000,123.204486,49.182238,0.000000,19.629445,-15.361296,0.000000
5.090000,123.400630,49.027809,0.000000,19.614403,-15.442836,0.000000
5.100000,123.596624,48.872567,0.000000,19.599374,-15.524286,0.000000
5.110000,123.792468,48.716510,0.000000,19.584359,-15.605648,0.000000
5.120000,123.988161,48.559641,0.000000,19.569359,-15.686920,0.000000
5.130000,124.183705,48.401960,0.000000,19.554372,-15.768103,0.000000
5.140000,124.379099,48.243468,0.000000,19.539399,-15.849198,0.000000
5.150000,124.574343,48.084166,0.000000,19.524440,-15.930204,0.000000
5.160000,124.769438,47.924055,0.000000,19.509494,-16.011121,0.000000
5.170000,124.964384,47.763135,0.000000,19.494563,-16.091950,0.000000
5.180000,125.159180,47.601408,0.000000,19.479645,-16.172690,0.000000
5.190000,125.353828,47.438875,0.000000,19.464741,-16.253342,0.000000
5.200000,125.548326,47.275536,0.000000,19.449851,-16.333905,0.000000
5.210000,125.742676,47.111392,0.000000,19.434974,-16.414380,0.000000
5.220000,125.936877,46.946444,0.000000,19.420111,-16.494767,0.000000
5.230000,126.130930,46.780694,0.000000,19.405262,-16.575065,0.000000
5.240000,126.324834,46.614141,0.000000,19.390427,-16.655275,0.000000
5.250000,126.518590,46.446787,0.000000,19.375605,-16.735398,0.000000
5.260000,126.712198,46.278633,0.000000,19.360797,-16.815432,0.000000
5.270000,126.905658,46.109679,0.000000,19.346002,-16.895378,0.000000
5.280000,127.098970,45.939926,0.000000,19.331221,-16.975237,0.000000
5.290000,127.292135,45.769376,0.000000,19.316454,-17.055007,0.000000
5.300000,127.485152,45.598030,0.000000,19.301700,-17.134690,0.000000
5.310000,127.678021,45.425887,0.000000,19.286959,-17.214286,0.000000
5.320000,127.870744,45.252949,0.000000,19.272232,-17.293794,0.000000
5.330000,128.063319,45.079217,0.000000,19.257519,-17.373214,0.000000
5.340000,128.255747,44.904691,0.000000,19.242819,-17.452547,0.000000
5.350000,128.448029,44.729373,0.000000,19.228133,-17.531792,0.000000
5.360000,128.640163,44.553264,0.000000,19.213460,-17.610950,0.000000
5.370000,128.832151,44.376363,0.000000,19.198800,-17.690021,0.000000
5.380000,129.023993,44.198673,0.000000,19.184154,-17.769005,0.000000
5.390000,129.215688,44.020194,0.000000,19.169521,-17.847902,0.000000
5.400000,129.407237,43.840927,0.000000,19.154901,-17.926711,0.000000
5.410000,129.598640,43.660873,0.000000,19.140295,-18.005434,0.000000
5.420000,129.789897,43.480032,0.000000,19.125703,-18.084070,0.000000
5.430000,129.981008,43.298406,0.000000,19.111123,-18.162619,0.000000
5.440000,130.171974,43.115995,0.000000,19.096557,-18.241081,0.000000
5.450000,130.362794,42.932801,0.000000,19.082004,-18.319456,0.000000
5.460000,130.553468,42.748823,0.000000,19.067464,-18.397745,0.000000
5.470000,130.743998,42.564064,0.000000,19.052938,-18.475947,0.000000
5.480000,130.934382,42.378523,0.000000,19.038425,-18.554063,0.000000
5.490000,131.124621,42.192202,0.000000,19.023925,-18.632092,0.000000
5.500000,131.314716,42.005102,0.000000,19.009438,-18.710035,0.000000
5.510000,131.504665,41.817223,0.000000,18.994965,-18.787892,0.000000
5.520000,131.694470,41.628566,0.000000,18.980504,-18.865662,0.000000
5.530000,131.884131,41.439133,0.000000,18.966057,-18.943347,0.000000
5.540000,132.073647,41.248923,0.000000,18.951623,-19.020945,0.000000
5.550000,132.263019,41.057939,0.000000,18.937202,-19.098457,0.000000
5.560000,132.452247,40.866180,0.000000,18.922794,-19.175883,0.000000
5.570000,132.641331,40.673648,0.000000,18.908399,-19.253224,0.000000
5.580000,132.830271,40.480343,0.000000,18.894017,-19.330478,0.000000
5.590000,133.019068,40.286267,0.000000,18.879648,-19.407647,0.000000
5.600000,133.207721,40.091419,0.000000,18.865292,-19.484730,0.000000
5.610000,133.396230,39.895802,0.000000,18.850950,-19.561727,0.000000
5.620000,133.584596,39.699416,0.000000,18.836620,-19.638639,0.000000
5.630000,133.772819,39.502261,0.000000,18.822303,-19.715466,0.000000
5.640000,133.960899,39.304339,0.000000,18.807999,-19.792207,0.000000
5.650000,134.148836,39.105650,0.000000,18.793709,-19.868862,0.000000
5.660000,134.336631,38.906196,0.000000,18.779431,-19.945432,0.000000
5.670000,134.524282,38.705977,0.000000,18.765166,-20.021918,0.000000
5.680000,134.711791,38.504994,0.000000,18.750914,-20.098317,0.000000
5.690000,134.899158,38.303247,0.000000,18.736675,-20.174632,0.000000
5.700000,135.086383,38.100739,0.000000,18.722448,-20.250862,0.000000
5.710000,135.273465,37.897469,0.000000,18.708235,-20.327007,0.000000
5.720000,135.460405,37.693438,0.000000,18.694034,-20.403067,0.000000
5.730000,135.647204,37.488647,0.000000,18.679847,-20.479042,0.000000
5.740000,135.833861,37.283098,0.000000,18.665672,-20.554932,0.000000
5.750000,136.020376,37.076791,0.000000,18.651510,-20.630738,0.000000
5.760000,136.206749,36.869726,0.000000,18.637360,-20.706459,0.000000
5.770000,136.392982,36.661905,0.000000,18.623224,-20.782096,0.000000
5.780000,136.579073,36.453329,0.000000,18.609100,-20.857648,0.000000
5.790000,136.765022,36.243998,0.000000,18.594989,-20.933115,0.000000
5.800000,136.950831,36.033913,0.000000,18.580891,-21.008498,0.000000
5.810000,137.136499,35.823075,0.000000,18.566805,-21.083797,0.000000
5.820000,137.322027,35.611484,0.000000,18.552732,-21.159012,0.000000
5.830000,137.507413,35.399143,0.000000,18.538672,-21.234142,0.000000
5.840000,137.692660,35.186051,0.000000,18.524624,-21.309189,0.000000
5.850000,137.877766,34.972210,0.000000,18.510589,-21.384151,0.000000
5.860000,138.062731,34.757619,0.000000,18.496567,-21.459029,0.000000
5.870000,138.247557,34.542281,0.000000,18.482558,-21.533824,0.000000
5.880000,138.432242,34.326196,0.000000,18.468561,-21.608535,0.000000
5.890000,138.616788,34.109364,0.000000,18.454576,-21.683162,0.000000
5.900000,138.801194,33.891787,0.000000,18.440605,-21.757705,0.000000
5.910000,138.985461,33.673465,0.000000,18.426646,-21.832164,0.000000
5.920000,139.169588,33.454400,0.000000,18.412699,-21.906540,0.000000
5.930000,139.353575,33.234592,0.000000,18.398765,-21.980833,0.000000
5.940000,139.537424,33.014041,0.000000,18.384843,-22.055042,0.000000
5.950000,139.721133,32.792750,0.000000,18.370934,-22.129168,0.000000
5.960000,139.904703,32.570718,0.000000,18.357038,-22.203210,0.000000
5.970000,140.088135,32.347946,0.000000,18.343154,-22.277169,0.000000
5.980000,140.271428,32.124435,0.000000,18.329283,-22.351045,0.000000
5.990000,140.454582,31.900187,0.000000,18.315424,-22.424838,0.000000
6.000000,140.637598,31.675202,0.000000,18.301577,-22.498548,0.000000
6.010000,140.820475,31.449480,0.000000,18.287743,-22.572174,0.000000
6.020000,141.003214,31.223023,0.000000,18.273921,-22.645718,0.000000
6.030000,141.185816,30.995831,0.000000,18.260112,-22.719179,0.000000
6.040000,141.368279,30.767905,0.000000,18.246315,-22.792558,0.000000
6.050000,141.550604,30.539247,0.000000,18.232531,-22.865853,0.000000
6.060000,141.732792,30.309856,0.000000,18.218759,-22.939066,0.000000
6.070000,141.914842,30.079734,0.000000,18.205000,-23.012196,0.000000
6.080000,142.096754,29.848882,0.000000,18.191252,-23.085244,0.000000
6.090000,142.278529,29.617300,0.000000,18.177517,-23.158210,0.000000
6.100000,142.460167,29.384989,0.000000,18.163795,-23.231093,0.000000
6.110000,142.641668,29.151950,0.000000,18.150085,-23.303893,0.000000
6.120000,142.823032,28.918184,0.000000,18.136387,-23.376612,0.000000
6.130000,143.004259,28.683691,0.000000,18.122701,-23.449248,0.000000
6.140000,143.185349,28.448473,0.000000,18.109028,-23.521802,0.000000
6.150000,143.366303,28.212530,0.000000,18.095367,-23.594274,0.000000
6.160000,143.547120,27.975864,0.000000,18.081718,-23.666664,0.000000
6.170000,143.727801,27.738474,0.000000,18.068082,-23.738972,0.000000
6.180000,143.908346,27.500362,0.000000,18.054457,-23.811198,0.000000
6.190000,144.088754,27.261529,0.000000,18.040845,-23.883343,0.000000
6.200000,144.269026,27.021975,0.000000,18.027246,-23.955406,0.000000
6.210000,144.449163,26.781701,0.000000,18.013658,-24.027387,0.000000
6.220000,144.629164,26.540708,0.000000,18.000083,-24.099286,0.000000
6.230000,144.809029,26.298997,0.000000,17.986520,-24.171104,0.000000
6.240000,144.988759,26.056568,0.000000,17.972969,-24.242840,0.000000
6.250000,145.168353,25.813423,0.000000,17.959430,-24.314495,0.000000
6.260000,145.347812,25.569563,0.000000,17.945903,-24.386069,0.000000
6.270000,145.527136,25.324987,0.000000,17.932389,-24.457561,0.000000
6.280000,145.706325,25.079697,0.000000,17.918886,-24.528973,0.000000
6.290000,145.885379,24.833694,0.000000,17.905396,-24.600303,0.000000
6.300000,146.064298,24.586979,0.000000,17.891918,-24.671552,0.000000
6.310000,146.243082,24.339552,0.000000,17.878452,-24.742720,0.000000
6.320000,146.421732,24.091414,0.000000,17.864998,-24.813807,0.000000
6.330000,146.600248,23.842565,0.000000,17.851556,-24.884813,0.000000
6.340000,146.778629,23.593008,0.000000,17.838126,-24.955738,0.000000
6.350000,146.956876,23.342742,0.000000,17.824708,-25.026583,0.000000
6.360000,147.134989,23.091769,0.000000,17.811302,-25.097347,0.000000
6.370000,147.312968,22.840088,0.000000,17.797909,-25.168030,0.000000
6.380000,147.490814,22.587702,0.000000,17.784527,-25.238633,0.000000
6.390000,147.668525,22.334611,0.000000,17.771157,-25.309155,0.000000
6.400000,147.846103,22.080815,0.000000,17.757800,-25.379597,0.000000
6.410000,148.023548,21.826315,0.000000,17.744454,-25.449958,0.000000
6.420000,148.200859,21.571113,0.000000,17.731120,-25.520240,0.000000
6.430000,148.378037,21.315208,0.000000,17.717798,-25.590441,0.000000
6.440000,148.555082,21.058603,0.000000,17.704489,-25.660561,0.000000
6.450000,148.731994,20.801297,0.000000,17.691191,-25.730602,0.000000
6.460000,148.908773,20.543291,0.000000,17.677905,-25.800563,0.000000
6.470000,149.085419,20.284587,0.000000,17.664631,-25.870443,0.000000
6.480000,149.261933,20.025184,0.000000,17.651369,-25.940244,0.000000
6.490000,149.438314,19.765084,0.000000,17.638119,-26.009965,0.000000
6.500000,149.614563,19.504288,0.000000,17.624881,-26.079606,0.000000
6.510000,149.790679,19.242797,0.000000,17.611654,-26.149168,0.000000
6.520000,149.966664,18.980610,0.000000,17.598440,-26.218650,0.000000
6.530000,150.142516,18.717730,0.000000,17.585237,-26.288052,0.000000
6.540000,150.318237,18.454156,0.000000,17.572047,-26.357375,0.000000
6.550000,150.493825,18.189890,0.000000,17.558868,-26.426618,0.000000
6.560000,150.669282,17.924932,0.000000,17.545701,-26.495782,0.000000
6.570000,150.844608,17.659283,0.000000,17.532545,-26.564867,0.000000
6.580000,151.019802,17.392945,0.000000,17.519402,-26.633872,0.000000
6.590000,151.194865,17.125917,0.000000,17.506270,-26.702798,0.000000
6.600000,151.369796,16.858200,0.000000,17.493151,-26.771645,0.000000
6.610000,151.544596,16.589796,0.000000,17.480043,-26.840413,0.000000
6.620000,151.719266,16.320705,0.000000,17.466946,-26.909102,0.000000
6.630000,151.893805,16.050928,0.000000,17.453862,-26.977713,0.000000
6.640000,152.068212,15.780465,0.000000,17.440789,-27.046244,0.000000
6.650000,152.242490,15.509318,0.000000,17.427728,-27.114696,0.000000
6.660000,152.416636,15.237488,0.000000,17.414679,-27.183070,0.000000
6.670000,152.590653,14.964974,0.000000,17.401642,-27.251365,0.000000
6.680000,152.764539,14.691778,0.000000,17.388616,-27.319582,0.000000
6.690000,152.938295,14.417901,0.000000,17.375602,-27.387720,0.000000
6.700000,153.111921,14.143343,0.000000,17.362599,-27.455779,0.000000
6.710000,153.285417,13.868106,0.000000,17.349609,-27.523760,0.000000
6.720000,153.458783,13.592189,0.000000,17.336630,-27.591663,0.000000
6.730000,153.632020,13.315594,0.000000,17.323662,-27.659488,0.000000
6.740000,153.805127,13.038322,0.000000,17.310707,-27.727234,0.000000
6.750000,153.978105,12.760373,0.000000,17.297763,-27.794902,0.000000
6.760000,154.150953,12.481748,0.000000,17.284830,-27.862492,0.000000
6.770000,154.323672,12.202448,0.000000,17.271910,-27.930004,0.000000
6.780000,154.496262,11.922473,0.000000,17.259001,-27.997439,0.000000
6.790000,154.668723,11.641825,0.000000,17.246103,-28.064795,0.000000
6.800000,154.841055,11.360505,0.000000,17.233217,-28.132073,0.000000
6.810000,155.013259,11.078512,0.000000,17.220343,-28.199274,0.000000
6.820000,155.185334,10.795848,0.000000,17.207480,-28.266397,0.000000
6.830000,155.357280,10.512514,0.000000,17.194629,-28.333443,0.000000
6.840000,155.529098,10.228509,0.000000,17.181790,-28.400410,0.000000
6.850000,155.700787,9.943836,0.000000,17.168962,-28.467301,0.000000
6.860000,155.872349,9.658495,0.000000,17.156145,-28.534114,0.000000
6.870000,156.043782,9.372487,0.000000,17.143341,-28.600849,0.000000
6.880000,156.215088,9.085812,0.000000,17.130547,-28.667508,0.000000
6.890000,156.386265,8.798471,0.000000,17.117765,-28.734089,0.000000
6.900000,156.557315,8.510465,0.000000,17.104995,-28.800593,0.000000
6.910000,156.728238,8.221795,0.000000,17.092236,-28.867020,0.000000
6.920000,156.899033,7.932461,0.000000,17.079489,-28.933369,0.000000
6.930000,157.069700,7.642465,0.000000,17.066753,-28.999642,0.000000
6.940000,157.240240,7.351806,0.000000,17.054029,-29.065838,0.000000
6.950000,157.410654,7.060487,0.000000,17.041316,-29.131957,0.000000
6.960000,157.580940,6.768507,0.000000,17.028615,-29.198000,0.000000
6.970000,157.751099,6.475867,0.000000,17.015925,-29.263965,0.000000
6.980000,157.921131,6.182568,0.000000,17.003246,-29.329854,0.000000
6.990000,158.091037,5.888612,0.000000,16.990579,-29.395667,0.000000
7.000000,158.260817,5.593998,0.000000,16.977924,-29.461403,0.000000
7.010000,158.430469,5.298727,0.000000,16.965280,-29.527062,0.000000
7.020000,158.599996,5.002801,0.000000,16.952647,-29.592645,0.000000
7.030000,158.769396,4.706219,0.000000,16.940025,-29.658152,0.000000
7.040000,158.938670,4.408983,0.000000,16.927416,-29.723583,0.000000
7.050000,159.107818,4.111094,0.000000,16.914817,-29.788937,0.000000
7.060000,159.276841,3.812552,0.000000,16.902230,-29.854215,0.000000
7.070000,159.445737,3.513358,0.000000,16.889654,-29.919418,0.000000
7.080000,159.614508,3.213512,0.000000,16.877089,-29.984544,0.000000
7.090000,159.783153,2.913016,0.000000,16.864536,-30.049594,0.000000
7.100000,159.951673,2.611871,0.000000,16.851994,-30.114569,0.000000
7.110000,160.120068,2.310076,0.000000,16.839464,-30.179467,0.000000
7.120000,160.288337,2.007633,0.000000,16.826945,-30.244290,0.000000
7.130000,160.456482,1.704543,0.000000,16.814437,-30.309037,0.000000
7.140000,160.624501,1.400806,0.000000,16.801941,-30.373709,0.000000
7.150000,160.792396,1.096423,0.000000,16.789455,-30.438305,0.000000
7.160000,160.960166,0.791394,0.000000,16.776982,-30.502826,0.000000
7.170000,161.127811,0.485722,0.000000,16.764519,-30.567271,0.000000
7.180000,161.295331,0.179405,0.000000,16.752068,-30.631641,0.000000
7.190000,161.462728,-0.127554,0.000000,16.739627,-30.695936,0.000000
7.200000,161.630000,-0.435156,0.000000,16.727199,-30.760155,0.000000
7.210000,161.797148,-0.743399,0.000000,16.714781,-30.824300,0.000000
7.220000,161.964171,-1.052282,0.000000,16.702375,-30.888369,0.000000
7.230000,162.131071,-1.361806,0.000000,16.689980,-30.952363,0.000000
7.240000,162.297847,-1.671969,0.000000,16.677596,-31.016282,0.000000
7.250000,162.464499,-1.982770,0.000000,16.665223,-31.080127,0.000000
7.260000,162.631028,-2.294209,0.000000,16.652862,-31.143896,0.000000
7.270000,162.797433,-2.606285,0.000000,16.640512,-31.207591,0.000000
7.280000,162.963715,-2.918997,0.000000,16.628173,-31.271211,0.000000
7.290000,163.129873,-3.232345,0.000000,16.615845,-31.334757,0.000000
7.300000,163.295908,-3.546327,0.000000,16.603528,-31.398228,0.000000
7.310000,163.461821,-3.860943,0.000000,16.591223,-31.461624,0.000000
7.320000,163.627610,-4.176193,0.000000,16.578928,-31.524946,0.000000
7.330000,163.793276,-4.492075,0.000000,16.566645,-31.588194,0.000000
7.340000,163.958820,-4.808588,0.000000,16.554373,-31.651368,0.000000
7.350000,164.124241,-5.125733,0.000000,16.542112,-31.714467,0.000000
7.360000,164.289540,-5.443508,0.000000,16.529862,-31.777492,0.000000
7.370000,164.454716,-5.761912,0.000000,16.517624,-31.840443,0.000000
7.380000,164.619770,-6.080946,0.000000,16.505396,-31.903320,0.000000
7.390000,164.784702,-6.400607,0.000000,16.493180,-31.966122,0.000000
7.400000,164.949512,-6.720895,0.000000,16.480974,-32.028852,0.000000
7.410000,165.114199,-7.041810,0.000000,16.468780,-32.091507,0.000000
7.420000,165.278765,-7.363351,0.000000,16.456597,-32.154088,0.000000
7.430000,165.443210,-7.685517,0.000000,16.444425,-32.216596,0.000000
7.440000,165.607532,-8.008307,0.000000,16.432264,-32.279030,0.000000
7.450000,165.771733,-8.331721,0.000000,16.420114,-32.341390,0.000000
7.460000,165.935813,-8.655758,0.000000,16.407975,-32.403677,0.000000
7.470000,166.099772,-8.980417,0.000000,16.395847,-32.465891,0.000000
7.480000,166.263609,-9.305697,0.000000,16.383730,-32.528031,0.000000
7.490000,166.427325,-9.631598,0.000000,16.371625,-32.590098,0.000000
7.500000,166.590921,-9.958119,0.000000,16.359530,-32.652091,0.000000
7.510000,166.754395,-10.285259,0.000000,16.347446,-32.714012,0.000000
7.520000,166.917749,-10.613018,0.000000,16.335373,-32.775859,0.000000
7.530000,167.080982,-10.941394,0.000000,16.323311,-32.837633,0.000000
7.540000,167.244094,-11.270388,0.000000,16.311261,-32.899334,0.000000
7.550000,167.407087,-11.599997,0.000000,16.299221,-32.960962,0.000000
7.560000,167.569959,-11.930222,0.000000,16.287192,-33.022518,0.000000
7.570000,167.732710,-12.261062,0.000000,16.275174,-33.084000,0.000000
7.580000,167.895342,-12.592517,0.000000,16.263167,-33.145410,0.000000
7.590000,168.057854,-12.924584,0.000000,16.251171,-33.206747,0.000000
7.600000,168.220246,-13.257264,0.000000,16.239186,-33.268012,0.000000
7.610000,168.382518,-13.590556,0.000000,16.227212,-33.329204,0.000000
7.620000,168.544670,-13.924459,0.000000,16.215249,-33.390324,0.000000
7.630000,168.706703,-14.258973,0.000000,16.203297,-33.451371,0.000000
7.640000,168.868617,-14.594097,0.000000,16.191355,-33.512345,0.000000
7.650000,169.030411,-14.929829,0.000000,16.179425,-33.573248,0.000000
7.660000,169.192086,-15.266170,0.000000,16.167506,-33.634078,0.000000
7.670000,169.353642,-15.603118,0.000000,16.155597,-33.694836,0.000000
7.680000,169.515079,-15.940673,0.000000,16.143699,-33.755522,0.000000
7.690000,169.676397,-16.278835,0.000000,16.131812,-33.816137,0.000000
7.700000,169.837596,-16.617602,0.000000,16.119936,-33.876679,0.000000
7.710000,169.998677,-16.956973,0.000000,16.108071,-33.937149,0.000000
7.720000,170.159639,-17.296949,0.000000,16.096217,-33.997547,0.000000
7.730000,170.320483,-17.637527,0.000000,16.084373,-34.057874,0.000000
7.740000,170.481208,-17.978709,0.000000,16.072541,-34.118129,0.000000
7.750000,170.641816,-18.320492,0.000000,16.060719,-34.178312,0.000000
7.760000,170.802305,-18.662876,0.000000,16.048908,-34.238424,0.000000
7.770000,170.962676,-19.005861,0.000000,16.037108,-34.298464,0.000000
7.780000,171.122929,-19.349445,0.000000,16.025318,-34.358433,0.000000
7.790000,171.283064,-19.693628,0.000000,16.013540,-34.418330,0.000000
7.800000,171.443082,-20.038410,0.000000,16.001772,-34.478156,0.000000
7.810000,171.602982,-20.383789,0.000000,15.990015,-34.537911,0.000000
7.820000,171.762765,-20.729765,0.000000,15.978269,-34.597594,0.000000
7.830000,171.922430,-21.076337,0.000000,15.966533,-34.657207,0.000000
7.840000,172.081978,-21.423504,0.000000,15.954809,-34.716748,0.000000
7.850000,172.241409,-21.771267,0.000000,15.943095,-34.776219,0.000000
7.860000,172.400723,-22.119623,0.000000,15.931392,-34.835618,0.000000
7.870000,172.559920,-22.468572,0.000000,15.919699,-34.894947,0.000000
7.880000,172.719000,-22.818114,0.000000,15.908018,-34.954205,0.000000
7.890000,172.877964,-23.168248,0.000000,15.896347,-35.013392,0.000000
7.900000,173.036811,-23.518973,0.000000,15.884686,-35.072509,0.000000
7.910000,173.195541,-23.870289,0.000000,15.873037,-35.131555,0.000000
7.920000,173.354155,-24.222194,0.000000,15.861398,-35.190530,0.000000
7.930000,173.512653,-24.574688,0.000000,15.849770,-35.249435,0.000000
7.940000,173.671034,-24.927771,0.000000,15.838152,-35.308270,0.000000
7.950000,173.829300,-25.281441,0.000000,15.826546,-35.367034,0.000000
7.960000,173.987449,-25.635699,0.000000,15.814949,-35.425728,0.000000
7.970000,174.145483,-25.990542,0.000000,15.803364,-35.484351,0.000000
7.980000,174.303401,-26.345971,0.000000,15.791789,-35.542905,0.000000
7.990000,174.461203,-26.701985,0.000000,15.780225,-35.601388,0.000000
8.000000,174.618890,-27.058583,0.000000,15.768672,-35.659802,0.000000
